ID,sentence
common_voice_zh-CN_27175119.mp3,坎貝爾的繼承人是維克上校。
common_voice_zh-CN_18772132.mp3,整個校園分爲教學區、生活區、家屬區三個部分。
common_voice_zh-CN_19470377.mp3,在得知光秀在山崎之戰中被羽柴秀吉擊敗並戰死後自殺。
common_voice_zh-CN_18571521.mp3,北周時下轄巴西郡。
common_voice_zh-CN_18983537.mp3,黃熱病疫苗不應該用於出現症狀的愛滋病患者。
common_voice_zh-CN_33214950.mp3,這樣的激光器被稱爲鎖模或者鎖相。
common_voice_zh-CN_20400684.mp3,當時張之洞由湖廣總督轉任軍機大臣。
common_voice_zh-CN_26196554.mp3,"儘管沒有使用""三重威脅""這個名字，但他們還是模仿了這個團體的行爲。"
common_voice_zh-CN_18782270.mp3,劉典臣，甘肅武威人，清朝政治人物。
common_voice_zh-CN_33277513.mp3,婦女欲重返職場時
common_voice_zh-CN_24754241.mp3,天愛苑內設有兩個小型的兒童遊樂場及一個涼亭。
common_voice_zh-CN_33054411.mp3,太子司馬紹即位。
common_voice_zh-CN_32590700.mp3,計劃中的東海岸銜接鐵道也將在未來於啓用。
common_voice_zh-CN_19110716.mp3,沙中線全線通車後預定改爲垂直轉乘。
common_voice_zh-CN_19015981.mp3,宋欣橋認爲蔡若蓮的建議中肯。
common_voice_zh-CN_18663544.mp3,循環十號公車
common_voice_zh-CN_33380919.mp3,澤田汐音是日本模特兒和女演員。
common_voice_zh-CN_21943246.mp3,在元朝至正九年由嚴德甫和晏天章寫成。
common_voice_zh-CN_25934532.mp3,同年，一個名爲《Moon Ranger》的盜版版本在遊樂場裏發行開來。
common_voice_zh-CN_33489432.mp3,蘭州交通大學是第一所參與青藏鐵路建設的高校。
common_voice_zh-CN_27753004.mp3,兵事屬南女直湯河司。
common_voice_zh-CN_33498069.mp3,則設於駕駛室的背牆上。
common_voice_zh-CN_18597873.mp3,室內東西二壁各繪四人，北壁繪二人。
common_voice_zh-CN_25410412.mp3,最初存在的半圓形後殿已經被拆除了。
common_voice_zh-CN_21792901.mp3,這座教堂最初是一座哥特式建築。
common_voice_zh-CN_19716875.mp3,該公司是商業托拉斯發展的創新者。
common_voice_zh-CN_22295852.mp3,預計將來會延長至烈士廣場站。
common_voice_zh-CN_33212396.mp3,紐西蘭飲食起源於毛利人的飲食。
common_voice_zh-CN_18652185.mp3,歌德故居可以指：
common_voice_zh-CN_19747325.mp3,亦是無線電視基本藝人合約男藝員。
common_voice_zh-CN_19702981.mp3,任意數量的全同玻色子都可以處於同樣量子態。
common_voice_zh-CN_20159628.mp3,他的作品也全部被禁。
common_voice_zh-CN_33581219.mp3,鱗皮扇菇是屬於生物發光的幾十種真菌中的一個。
common_voice_zh-CN_33495706.mp3,一德樓遺址的歷史年代爲明。
common_voice_zh-CN_22123510.mp3,管轄範圍主要在今浙江省湖州市南潯區和江蘇省吳江市平望老運河以南地區。
common_voice_zh-CN_25655588.mp3,五代十國南吳太祖楊行密妻。
common_voice_zh-CN_18990411.mp3,白脈韭是蔥科蔥屬的變種。
common_voice_zh-CN_32680945.mp3,蔚嶺關現建築爲清光緒十八年重建。
common_voice_zh-CN_18659756.mp3,奧薩奇是位於美國阿肯色州卡羅爾縣的一個非建制地區。
common_voice_zh-CN_22004814.mp3,操作系統的歷史在某種意義上來說也是計算機的歷史。
common_voice_zh-CN_20785586.mp3,這本書主要關注狗類工作服從能力。
common_voice_zh-CN_18815310.mp3,主演包括羅伯特·英格蘭、珍娜·詹姆森、及。
common_voice_zh-CN_20409509.mp3,如此則能避免因跨月臺緩急接續而造成人流過多。
common_voice_zh-CN_23627106.mp3,大業三年。
common_voice_zh-CN_21401369.mp3,帕爾馬里斯是巴西伯南布哥州的一個市鎮。
common_voice_zh-CN_22257428.mp3,颶風受其以北的一道高壓脊的影響下向西北偏西移動。
common_voice_zh-CN_33484016.mp3,首府摩德納。
common_voice_zh-CN_33585603.mp3,達夫尼修道院建在古代阿波羅神廟的遺址之上。
common_voice_zh-CN_18992870.mp3,彼得羅夫卡農村居民點是俄羅斯聯邦沃羅涅日州巴甫洛夫斯克區所屬的一個農村居民點。
common_voice_zh-CN_32663982.mp3,里氏袋鼬屬等之數種哺乳動物。
common_voice_zh-CN_20400727.mp3,五反田站的鐵路車站。
common_voice_zh-CN_21108457.mp3,維涅厄勒人口變化圖示
common_voice_zh-CN_32974416.mp3,兩個站臺中部設有進出站閘機通往站廳。
common_voice_zh-CN_33211865.mp3,可以與水以任意比混溶。
common_voice_zh-CN_18987897.mp3,古老的街道並排。
common_voice_zh-CN_18597281.mp3,那古寺是位於日本千葉縣館山市的那古，真言宗智山派的佛寺。
common_voice_zh-CN_33375120.mp3,中華街是東亞地區的唐人街的名稱。
common_voice_zh-CN_32908312.mp3,享年六十歲。
common_voice_zh-CN_18811806.mp3,參加了晉西北戰役、百團大戰等。
common_voice_zh-CN_18979747.mp3,孫奎的老母親見此便使勁攥住刺刀。
common_voice_zh-CN_33208649.mp3,素興花
common_voice_zh-CN_33211963.mp3,東晉慧遠曾以照寂二字來統括禪修方法。
common_voice_zh-CN_27642524.mp3,吊鉤或起重機。
common_voice_zh-CN_33121285.mp3,曾派韓亨權前往蘇聯接受領導。
common_voice_zh-CN_33111860.mp3,通稱步兵學校。
common_voice_zh-CN_18597869.mp3,他發出慘叫
common_voice_zh-CN_25067479.mp3,紐約參展交流
common_voice_zh-CN_18772170.mp3,本州徵辟爲從事，任命爲佐着作郎，並不就任。
common_voice_zh-CN_23622478.mp3,學生貸款。
common_voice_zh-CN_21788443.mp3,精力值會自動恢復。
common_voice_zh-CN_33287164.mp3,尼西亞信經指出子與父是本體相同的。
common_voice_zh-CN_20409520.mp3,明朝洪武十三年改爲屯田清吏司。
common_voice_zh-CN_19861131.mp3,蒂芬大學已獲得認證。
common_voice_zh-CN_22256902.mp3,祖父鄭肇。
common_voice_zh-CN_33051762.mp3,該公司在二戰前及二戰期間透過漢堡飛機制造公司生產飛機。
common_voice_zh-CN_20790034.mp3,聯合公用事業集團是英國最大的水務公司。
common_voice_zh-CN_18536397.mp3,然而告知旁人均不被重視。
common_voice_zh-CN_20139988.mp3,貢德勒克桑格。
common_voice_zh-CN_19011191.mp3,大雄圖曾在贏出贏出一哩半的讓賽。
common_voice_zh-CN_22794587.mp3,是電子角色扮演遊戲系列女神戰記的第三作。
common_voice_zh-CN_21602515.mp3,因善於文筆的事而出名。
common_voice_zh-CN_19062684.mp3,當米納哈薩的基督徒購買新年除夕慶祝活動所用的豬肉時發生爆炸。
common_voice_zh-CN_20866749.mp3,通常由女方在情人節當天贈送。
common_voice_zh-CN_19544940.mp3,該文物保護單位由安圖縣文物管理所管理。
common_voice_zh-CN_33371038.mp3,本表所列出的是三昧堂創意木偶團隊布袋戲系列的人物。
common_voice_zh-CN_18992778.mp3,與毛利小五郎有關係的人一個個都遭到不明兇手的襲擊。
common_voice_zh-CN_18663731.mp3,孫穎浩，山東乳山人，中國泌尿外科學專家。
common_voice_zh-CN_19110748.mp3,盒形藻目爲藻類植物之一植物目。
common_voice_zh-CN_22488265.mp3,主要使用者爲腿部有殘障人士。
common_voice_zh-CN_23598022.mp3,其總部設於九龍尖沙咀香港童軍中心。
common_voice_zh-CN_20400700.mp3,理論物理學通過爲現實世界建立數學模型來試圖理解所有物理現象的運行機制。
common_voice_zh-CN_32730045.mp3,可當作觀賞魚。
common_voice_zh-CN_18985029.mp3,多紋條鰍爲鰍科條鰍屬的魚類。
common_voice_zh-CN_19703869.mp3,常與另一種有序的線性資料集合佇列相提並論。
common_voice_zh-CN_22528253.mp3,最終謝維俊被撤職。
common_voice_zh-CN_32727526.mp3,而他的姊姊是受到該校教授古川竹二的影響。
common_voice_zh-CN_19001164.mp3,吳廷可是廣平省廣寧府麗水縣大豐祿總大豐祿社出生。
common_voice_zh-CN_23903846.mp3,每當阿公要離去時
common_voice_zh-CN_20085089.mp3,真核基因組通常大於原核生物。
common_voice_zh-CN_26218529.mp3,傑夫·馬塞爾、馬特·曼迪和傑夫·塞普。
common_voice_zh-CN_33276559.mp3,他出生於英國牛津郡。
common_voice_zh-CN_22035145.mp3,當時日文並沒有書寫系統。
common_voice_zh-CN_20359867.mp3,鄭芳田。
common_voice_zh-CN_22450968.mp3,和田地區位於新疆維吾爾自治區最南端。
common_voice_zh-CN_22094727.mp3,統一黨是中華民國初年的政黨。
common_voice_zh-CN_18779304.mp3,父母是德國人，從納粹德國遷至英國。
common_voice_zh-CN_19008581.mp3,也是秦始皇管理秦國的基礎。
common_voice_zh-CN_32590600.mp3,其他傳統強國如願進入了淘汰賽。
common_voice_zh-CN_19702814.mp3,主演暴坊將軍。
common_voice_zh-CN_19716739.mp3,子公司化之後其工作室轉移至小平市小川町。
common_voice_zh-CN_18995237.mp3,他在場上主要司職防守型中場。
common_voice_zh-CN_33635167.mp3,祖父曹楚陽。
common_voice_zh-CN_20084891.mp3,硝酸酯也是一類藥物。
common_voice_zh-CN_22087457.mp3,該區域成爲法蘭克福班荷福斯威爾德爾區的中心商業區。
common_voice_zh-CN_25035549.mp3,這樣使用者可以按照自己的習慣安裝槍揹帶。
common_voice_zh-CN_21792848.mp3,日耳曼鎮區爲美國堪薩斯州史密斯縣轄下的鎮區。
common_voice_zh-CN_18979919.mp3,這種事件不斷地重覆發生。
common_voice_zh-CN_18782332.mp3,它位於伊利諾州芝加哥西南普萊諾的福克斯河河畔，佔地。
common_voice_zh-CN_19011166.mp3,德裔移民也將這個傳統帶到了英國和美國。
common_voice_zh-CN_20071564.mp3,潮汐加速是行星與其衛星之間潮汐力的效應。
common_voice_zh-CN_18536594.mp3,也就是說「使用非線性控制架構不一定可以改善費用泛函的期望值」。
common_voice_zh-CN_21602513.mp3,馬尼昂。
common_voice_zh-CN_20737979.mp3,克里斯蒂安十世的長子。
common_voice_zh-CN_19063719.mp3,兩人因而聯手發動叛亂。
common_voice_zh-CN_22152597.mp3,黃邊短溝紅螢爲紅螢科短溝紅螢屬下的一個種。
common_voice_zh-CN_32733741.mp3,雷託人口變化圖示
common_voice_zh-CN_22063850.mp3,奧薩南岸。
common_voice_zh-CN_18774159.mp3,其後他任職參議、權中納言與検非違使，正平十四年／延文四年就任權大納言。
common_voice_zh-CN_25137909.mp3,養老郡爲岐阜縣管轄的一郡。
common_voice_zh-CN_22091123.mp3,但高蛋白食物與富含脂肪的烘培食物引起與其血糖響應不成比例的的更高的胰島素響應。
common_voice_zh-CN_18714719.mp3,王荁，字季孺，浙江寧波府慈谿縣人，民籍，明朝政治人物、進士出身。
common_voice_zh-CN_21674689.mp3,在很多方面大氣潮和海洋潮汐類似。
common_voice_zh-CN_21401211.mp3,索澤勒人口變化圖示
common_voice_zh-CN_18772150.mp3,它始於東部的卡蘭德小鎮，經過卡特琳湖北岸，最終到達西部的洛蒙德湖岸。
common_voice_zh-CN_32729354.mp3,粉紅溲疏爲虎耳草科溲疏屬下的一個種。
common_voice_zh-CN_18626798.mp3,系列元素還出現在其他遊戲作品中，諸如任天堂明星大亂鬥和《穿越領域計劃》。
common_voice_zh-CN_32969829.mp3,茅大芳人。
common_voice_zh-CN_18992266.mp3,同時也是澳大利亞最享有盛譽的澳大利亞八大名校的聯盟成員之一。
common_voice_zh-CN_33206924.mp3,有關摩天大樓結構設計的調查依然在進行中。
common_voice_zh-CN_18771568.mp3,在戴頓大學獲得學士學位，並獲得碩士和博士學位。
common_voice_zh-CN_20924513.mp3,拉魯縣是位於美國肯塔基州中部的一個縣。
common_voice_zh-CN_32604372.mp3,坑外東南不遠有一處反照率較低的區域。
common_voice_zh-CN_20978084.mp3,並宣佈於演藝圈中隱退。
common_voice_zh-CN_22056385.mp3,縣治喬治敦。
common_voice_zh-CN_32595114.mp3,目前擔任吉備國際大學社會學部教授。
common_voice_zh-CN_21239632.mp3,麗江紫菀是菊科紫菀屬的植物。
common_voice_zh-CN_33380141.mp3,在紐約市和巴林設有國際辦事處。
common_voice_zh-CN_22152778.mp3,它們主要在濃密的灌木叢植被生活。
common_voice_zh-CN_32895604.mp3,北極地區有多種定義。
common_voice_zh-CN_20506025.mp3,果實爲離果。
common_voice_zh-CN_21674679.mp3,馬韶因此官至太常博士。
common_voice_zh-CN_22065003.mp3,出生於北京。
common_voice_zh-CN_22064954.mp3,屬六方晶系。
common_voice_zh-CN_18594184.mp3,索爾特代爾是位於美國加利福尼亞州克恩縣的一個非建制地區。
common_voice_zh-CN_32967216.mp3,金朝時設置保安縣。
common_voice_zh-CN_22086280.mp3,在臺灣以外的其他華人地區通常稱爲銀行卡。
common_voice_zh-CN_18980044.mp3,上海中山公園位於上海長寧區市中心。
common_voice_zh-CN_19008692.mp3,也是英雄傳說系列第一次在掌上游戲機上開發的作品。
common_voice_zh-CN_23994884.mp3,拉沙佩勒於雷埃。
common_voice_zh-CN_19007770.mp3,曾在仰光幫助建立太陽報。
common_voice_zh-CN_22105818.mp3,城市本身坐落在巴克爾河北岸的一個海角上。
common_voice_zh-CN_33577471.mp3,降低商業銀行的存貸款利率。
common_voice_zh-CN_32900470.mp3,微異瓷蟹爲瓷蟹科異瓷蟹屬下的一個種。
common_voice_zh-CN_19877627.mp3,後轉小承御上士。
common_voice_zh-CN_22115185.mp3,住在紐約。
common_voice_zh-CN_33221850.mp3,熊化人。
common_voice_zh-CN_21792966.mp3,因此查圖西茨戰役是兩軍主力的一場遭遇戰。
common_voice_zh-CN_19240385.mp3,其也被譽爲尼泊爾的國民美食。
common_voice_zh-CN_33276705.mp3,王象恆人。
common_voice_zh-CN_20167087.mp3,聖瑪利亞號的噸位和尺寸並沒有留下任何歷史記錄。
common_voice_zh-CN_33213514.mp3,唐高祖李淵的寶林。
common_voice_zh-CN_33054393.mp3,和一般麪條製作手一樣。
common_voice_zh-CN_20737933.mp3,一些建築材料和配件來自聖嘉祿堂。
common_voice_zh-CN_18877905.mp3,溫菲爾德鎮區爲美國堪薩斯州吉里縣轄下的鎮區。
common_voice_zh-CN_18647008.mp3,一個月後，北部邦社會黨的祕書長阿瑪·辛格向他轉交了“搞笑諾貝爾獎”。
common_voice_zh-CN_18812038.mp3,阿納斯塔西婭·庫爾久科娃，俄羅斯女子羽毛球運動員。
common_voice_zh-CN_32742364.mp3,此後宮殿還進行了多次擴建。
common_voice_zh-CN_20400699.mp3,這是一個以荷蘭語爲官方語言的國家和地區的列表。
common_voice_zh-CN_21382950.mp3,金子真大成員。
common_voice_zh-CN_19486438.mp3,該物種的模式產地在尼泊爾和阿波山區。
common_voice_zh-CN_33572195.mp3,本州最高的布萊克峯位於本縣。
common_voice_zh-CN_21378632.mp3,壬酸銨是具有溶解性的。
common_voice_zh-CN_19323182.mp3,本鄉最重要的景點是聖奧斯瓦爾德教堂。
common_voice_zh-CN_22101965.mp3,高山地榆是薔薇科地榆屬的植物。
common_voice_zh-CN_18983394.mp3,利用赤眼蜂防治甘蔗螟蟲的研究取得成功。
common_voice_zh-CN_24941298.mp3,最高檢領導、檢委會專職委員、檢委會委員出席會議並提出意見建議
common_voice_zh-CN_19026578.mp3,亦會出現某些動物作出幫助。
common_voice_zh-CN_33584267.mp3,琉球的鄉學始於琉球國第二尚氏王朝時期。
common_voice_zh-CN_20018649.mp3,魚乾女嫁唐禦侮校尉杜守。
common_voice_zh-CN_19702950.mp3,此後各位將領守臣皆升賞有別。
common_voice_zh-CN_20359857.mp3,阿塔羅斯柱廊興建。
common_voice_zh-CN_22417914.mp3,研究疫情後期涉法社會問題的解決和各類矛盾的化解
common_voice_zh-CN_19712498.mp3,父親死後他承襲城陽公爵位。
common_voice_zh-CN_18999869.mp3,裏德馬克地區阿貝恩多夫是奧地利上奧地利州烏爾法爾城郊縣的一個市鎮。
common_voice_zh-CN_22088701.mp3,據說阿瑜陀耶的戰爭藉口之一是其治下奴隸不斷逃亡至素可泰。
common_voice_zh-CN_20790019.mp3,辛菲羅波爾國際機場。
common_voice_zh-CN_32892233.mp3,清河道署的歷史年代爲清代。
common_voice_zh-CN_22114413.mp3,儘管另外一個成功的原因是對東德年輕人的系統培養。
common_voice_zh-CN_26206599.mp3,下班後你喜歡怎樣放鬆？
common_voice_zh-CN_21602444.mp3,起士林。
common_voice_zh-CN_19266248.mp3,保險費決定於債券發行方的違約風險。
common_voice_zh-CN_19702846.mp3,同時郭春富兼任中央軍委紀律檢查委員會委員。
common_voice_zh-CN_25934513.mp3,所有權問題似乎更爲複雜。
common_voice_zh-CN_32666854.mp3,十月十四日補記。
common_voice_zh-CN_22003101.mp3,機場也有事故救援和消防樓以應對突發情況。
common_voice_zh-CN_21410738.mp3,順天府鄉試第五十三名。
common_voice_zh-CN_23613974.mp3,這一時期樂團的首席指揮是。
common_voice_zh-CN_25007354.mp3,牛頓環現象是由平凸透鏡下凸面和平面透鏡的上平面所分別反射的光線產生干涉的結果。
common_voice_zh-CN_19521029.mp3,北宋着名畫家。
common_voice_zh-CN_32603634.mp3,他是巴西曆史上最偉大游泳運動員之一。
common_voice_zh-CN_19266309.mp3,關係是什麼？
common_voice_zh-CN_33371591.mp3,北角爲享譽世界的莫雷諾冰川。
common_voice_zh-CN_18995877.mp3,廣東丙子鄉試。
common_voice_zh-CN_22528092.mp3,出生於千葉縣。
common_voice_zh-CN_19026581.mp3,太平興國三年升漣水縣置。
common_voice_zh-CN_20249340.mp3,白洋淀緣口吸蟲爲棘口科緣口屬的動物。
common_voice_zh-CN_32890764.mp3,祿坤丁丑科翻譯進士。
common_voice_zh-CN_22295386.mp3,出售計劃已獲得中華人民共和國財政部批准及香港金融管理局的原則性批准。
common_voice_zh-CN_19014576.mp3,你作爲天下名士必須有堅定的信念！
common_voice_zh-CN_18955308.mp3,當時名爲莫斯基託縣。
common_voice_zh-CN_33401471.mp3,曾被授予老撾人民民主共和國最高金質勳章。
common_voice_zh-CN_18652196.mp3,南川郡，中國唐朝時設置的郡。
common_voice_zh-CN_19712365.mp3,這種形態都是離片錐目的亞目。
common_voice_zh-CN_18987760.mp3,樞機團內部對聖座對外政策的持續分歧造成這次教會分裂。
common_voice_zh-CN_19878429.mp3,代頓鎮區爲美國堪薩斯州菲利普斯縣轄下的鎮區。
common_voice_zh-CN_33493590.mp3,阿克薩科沃是保加利亞的一座城市。
common_voice_zh-CN_19716510.mp3,克里普提指斯巴達奴隸主殘殺希洛人的恐怖行動。
common_voice_zh-CN_22116493.mp3,使倖存者之一的路霸發誓要幫公爵報仇。
common_voice_zh-CN_18782191.mp3,李時芳，字惟榮，陝西西安府幹州武功縣人，軍籍，明朝政治人物、進士出身。
common_voice_zh-CN_19014588.mp3,劇中各種人物的配音也是十分具有特色的地方。
common_voice_zh-CN_32964445.mp3,亞毛無心菜爲石竹科無心菜屬下的一個種。
common_voice_zh-CN_19110807.mp3,越谷治未婚。
common_voice_zh-CN_22217473.mp3,他的父親和祖父都是職業自行車車手。
common_voice_zh-CN_18627065.mp3,俄亥俄鎮區爲美國堪薩斯州塞奇威克縣轄下的鎮區。
common_voice_zh-CN_22173316.mp3,德欽梅花草爲衛矛科梅花草屬下的一個種。
common_voice_zh-CN_18996571.mp3,大區首府所在地爲埃爾穆波利。
common_voice_zh-CN_20924430.mp3,該提案被轉送中央機構編制委員會。
common_voice_zh-CN_33389197.mp3,莫納維是位於美國亞利桑那州可可尼諾縣的一個非建制地區。
common_voice_zh-CN_18996094.mp3,牽牛餵羊等等農事
common_voice_zh-CN_33032158.mp3,戴喜雲有四子。
common_voice_zh-CN_18983518.mp3,紅花姬旋花爲旋花科菜欒藤屬下的一個種。
common_voice_zh-CN_19063759.mp3,由新城娛樂臺現場播出。
common_voice_zh-CN_32887583.mp3,後來被彩虹唱片公司簽下。
common_voice_zh-CN_18754619.mp3,該朝聖地已被列爲世界遺產和法國曆史古蹟加以保護。
common_voice_zh-CN_19322857.mp3,此後佐治鎮號主要用作護航商船。
common_voice_zh-CN_19716667.mp3,稀序衛矛爲衛矛科衛矛屬下的一個種。
common_voice_zh-CN_19008694.mp3,武安州在唐朝是沃州地。
common_voice_zh-CN_18756060.mp3,這個遊戲總體上得到了好評。
common_voice_zh-CN_33219456.mp3,目前是天主教馬賽總教區的附屬教區。
common_voice_zh-CN_18825792.mp3,萬曆二年，登進士第二甲第二十八名。
common_voice_zh-CN_18811974.mp3,後來據他自己的報告，這個行爲爲他造成一些“困擾”。
common_voice_zh-CN_22073550.mp3,扶桑町爲愛知縣北部的町。
common_voice_zh-CN_19863467.mp3,尼尼微省是伊拉克十八省之一。
common_voice_zh-CN_18817067.mp3,十月十七，元帝又恢復講《老子》，百官穿軍裝聽講。
common_voice_zh-CN_33497332.mp3,尾葉鵝掌柴是五加科鵝掌柴屬的植物。
common_voice_zh-CN_22237470.mp3,日木倫獨宮位於當圪希德獨宮西北方向。
common_voice_zh-CN_32969978.mp3,名家抄本具有更珍貴的收藏價值。
common_voice_zh-CN_32498887.mp3,對大風感到失望的福實被父親強行帶回家。
common_voice_zh-CN_22064050.mp3,天寶十四載爆發了安史之亂。
common_voice_zh-CN_18627115.mp3,只要好好活着就夠了
common_voice_zh-CN_19711461.mp3,芬尼縣是美國堪薩斯州西南部的一個縣。
common_voice_zh-CN_18776183.mp3,天螺屬是一個海螺的屬，屬於天螺科的海洋腹足綱軟體動物。
common_voice_zh-CN_19511703.mp3,最近的進展已經讓機器人的行爲變成更加複雜。
common_voice_zh-CN_23932132.mp3,雙方皆威脅向對方採取軍事行動爭取對方放人。
common_voice_zh-CN_19110793.mp3,曝光是相機把光記錄進感光媒體裏的過程。
common_voice_zh-CN_33206112.mp3,山頂有雨石庵。
common_voice_zh-CN_19704778.mp3,之後桶頭開始製作自己作曲演奏的小樣專輯。
common_voice_zh-CN_20163032.mp3,翻新期間亦進行了結構改善工程。
common_voice_zh-CN_33277444.mp3,清朝稱小麻線衚衕。
common_voice_zh-CN_32738134.mp3,聖伊萊爾人口變化圖示
common_voice_zh-CN_22063139.mp3,廁所在下行線側。
common_voice_zh-CN_22074501.mp3,離散政治是離散學的一部份。
common_voice_zh-CN_33495429.mp3,西漢義陽侯傅介子始居北地郡。
common_voice_zh-CN_19703785.mp3,景泰三年又因爲距離崇武所太遠而遷到晉江石獅。
common_voice_zh-CN_32598807.mp3,恐龍化石是恐龍的化石。
common_voice_zh-CN_22117931.mp3,扶餘郡是古百濟國的首都。
common_voice_zh-CN_19339692.mp3,邊境對面是西藏自治區日喀則市聶拉木縣樟木鎮的樟木居委會。
common_voice_zh-CN_33576769.mp3,自己觀察天氣
common_voice_zh-CN_22190268.mp3,二磷酸腺苷與鈣離子是酶的變構增活因子。
common_voice_zh-CN_18983645.mp3,公園範圍包括北潭凹至榕樹澳一帶。
common_voice_zh-CN_33576423.mp3,施塔瑙是德國圖林根州的一個市鎮。
common_voice_zh-CN_33388485.mp3,代跑派用時機爲比分接近時。
common_voice_zh-CN_22105175.mp3,這座教堂是天主教奧斯塔教區的主教座堂。
common_voice_zh-CN_18999962.mp3,該卡洪被認爲起源於祕魯。
common_voice_zh-CN_18652048.mp3,科爾東是法國上薩瓦省的一個市鎮，位於該省東部，屬於邦訥維勒區。
common_voice_zh-CN_22064151.mp3,有人認爲跟美洲印第安人過度捕獵有關。
common_voice_zh-CN_22163479.mp3,而沒有加壓的服務模組是從聯盟號的服務模組修改而來。
common_voice_zh-CN_18531586.mp3,許多標榜馬克思主義的政權是由共產主義政黨一黨專政的國家，例如前東德。
common_voice_zh-CN_23620524.mp3,該黨曾參加聯合六月運動。
common_voice_zh-CN_33274104.mp3,卡朗圖瓦。
common_voice_zh-CN_19703171.mp3,大多數支持參數多態的面嚮對象語言可以把參數限定爲給定類型的子類型。
common_voice_zh-CN_32963826.mp3,叫河鄉是中國河南省洛陽市欒川縣下轄的一個鄉。
common_voice_zh-CN_22466247.mp3,據說系漢末三國時袁紹之墓。
common_voice_zh-CN_18758469.mp3,劉策，字範董，順天府武定縣人，明朝政治人物。
common_voice_zh-CN_18990997.mp3,簇花蛇根草爲茜草科蛇根草屬的植物。
common_voice_zh-CN_19703038.mp3,而當時荒木村重有所向無敵的毛利村上水軍作海援。
common_voice_zh-CN_33106389.mp3,婆姨是晉語地區對已婚女人的稱謂。
common_voice_zh-CN_20778941.mp3,光緒十七年中武舉。
common_voice_zh-CN_19059851.mp3,聖西吉斯蒙人口變化圖示
common_voice_zh-CN_18597878.mp3,金耳城，爲設賞伽高達王國之都城，設賞伽爲古代孟加拉歷史上第一位重要國王。
common_voice_zh-CN_19110749.mp3,霍赫萊滕是奧地利下奧地利州米斯特爾巴赫縣的一個市鎮。
common_voice_zh-CN_19704045.mp3,主辦國英國將直接在每個單項獲得一個參賽名額。
common_voice_zh-CN_22112559.mp3,然而此舉反而導致被逼往反國民黨方向的蔡介雄與蘇南成聯合造勢。
common_voice_zh-CN_32515803.mp3,該島人口也位居法羅羣島第二位。
common_voice_zh-CN_18978548.mp3,畢業於山東農業大學農學專業。
common_voice_zh-CN_32489234.mp3,埃爾博爾。
common_voice_zh-CN_22109298.mp3,詳見音高。
common_voice_zh-CN_18979251.mp3,黃色素細胞將沿脊椎和四肢上端排列。
common_voice_zh-CN_33287562.mp3,傘形科歐芹屬的二年生草本。
common_voice_zh-CN_32669270.mp3,學校旨在培養醫療保健人才。
common_voice_zh-CN_19513633.mp3,意大利國家奧林匹克委員會是意大利的國家奧林匹克委員會。
common_voice_zh-CN_21601962.mp3,此後英國不再有護國公。
common_voice_zh-CN_18627135.mp3,普雷斯頓是一個位於美國愛達荷州富蘭克林縣的城市。
common_voice_zh-CN_19378907.mp3,儀仗連改編爲中國人民解放軍公安警衛師警衛營二連。
common_voice_zh-CN_18985078.mp3,車站下方有地下道。
common_voice_zh-CN_19110885.mp3,羅馬尼亞最大的宗教是東正教。
common_voice_zh-CN_22085785.mp3,玫紅野青茅爲禾本科野青茅屬下的一個種。
common_voice_zh-CN_33277944.mp3,迪樂芬妮出生於英國倫敦。
common_voice_zh-CN_33131186.mp3,康熙二十六年主持山東鄉試。
common_voice_zh-CN_22094502.mp3,譚凱文父母都是臺灣移民。
common_voice_zh-CN_32521936.mp3,主演是第一次演出戀愛電視劇的廣瀨愛麗絲與淺利陽介。
common_voice_zh-CN_33273898.mp3,其中西班牙的塞爾維特終被克爾文派的日內瓦政府予以逮捕和處死。
common_voice_zh-CN_33219979.mp3,兄長是李襲志。
common_voice_zh-CN_22550014.mp3,最高檢黨組書記、檢察長張軍在談到學習運用習近平新時代中國特色社會主義思想時指出
common_voice_zh-CN_32970668.mp3,太微垣有星官二十個。
common_voice_zh-CN_18627551.mp3,街機博物館的莫斯科館和聖彼得堡分館定期舉辦一些活動。
common_voice_zh-CN_24971605.mp3,右面油箱漏出燃油即時着火。
common_voice_zh-CN_20924563.mp3,阿爾瓦雷茨生於美國加州伯克利。
common_voice_zh-CN_23609205.mp3,本列表爲中華民國駐巴拿馬歷任大使的名錄。
common_voice_zh-CN_33276605.mp3,該區也是北海艦隊駐紮地。
common_voice_zh-CN_18597151.mp3,除特別註明外，所有節目均爲高清製作。
common_voice_zh-CN_18955326.mp3,青河縣是越南海陽省下轄的一個縣。
common_voice_zh-CN_18985154.mp3,位於吉安市東北部。
common_voice_zh-CN_20084912.mp3,知識網絡是知識元之間相互關聯形成的網絡。
common_voice_zh-CN_19485991.mp3,掉落者無獎金可得。
common_voice_zh-CN_18776434.mp3,朗斯莫是荷蘭的一個市鎮和城市，在行政區劃上屬於北荷蘭省。
common_voice_zh-CN_27650757.mp3,鄭王李元懿之後。
common_voice_zh-CN_22105383.mp3,母董氏。
common_voice_zh-CN_27949872.mp3,他們是從南邊波托馬克河進入這個河谷的。
common_voice_zh-CN_18730670.mp3,鏡眼蟲是生存於晚奧陶紀至晚泥盆紀的一屬三葉蟲，生活在溫暖的淺海中。
common_voice_zh-CN_20506041.mp3,過去是戴着面具的神祕人。
common_voice_zh-CN_19839455.mp3,俄羅斯是一個發展快速的新型市場。
common_voice_zh-CN_22488174.mp3,轉任政和殿學士。
common_voice_zh-CN_21220740.mp3,布瓦西莫吉。
common_voice_zh-CN_18832296.mp3,是高雄旗山地區往來臺南市、屏東縣的長途重要路段之一。
common_voice_zh-CN_18758494.mp3,瓊斯伯勒是一個位於美國喬治亞州克萊頓縣的城市。
common_voice_zh-CN_18660001.mp3,北仙台站的鐵路車站。
common_voice_zh-CN_20139984.mp3,他畢業於聖公會諸聖小學。
common_voice_zh-CN_33115624.mp3,聖皮耶爾德弗呂吉人口變化圖示
common_voice_zh-CN_18714520.mp3,海洋科學家參與了合作。
common_voice_zh-CN_33655731.mp3,蘭斯巴騰是大英博物館植物學的守護者。
common_voice_zh-CN_33655945.mp3,一般規則以國際賽例作賽。
common_voice_zh-CN_33378689.mp3,出生在兵庫縣神戶市須磨區。
common_voice_zh-CN_33121257.mp3,抗美戰爭期間曾受到猛烈的炸彈襲擊。
common_voice_zh-CN_33053556.mp3,中泰得名於原中橋鄉與泰山鄉的首字。
common_voice_zh-CN_18848784.mp3,在黃金時段時，超能先生出任務所駕駛的超能車，風格接近詹姆士·龐或蝙蝠俠的用車。
common_voice_zh-CN_20159653.mp3,北直隸順天府薊州人。
common_voice_zh-CN_19706129.mp3,房間裏全部都是關於愛情的書籍。
common_voice_zh-CN_18810363.mp3,每年杜倫大學對在大學最後一年中表現傑出的數學系畢業生授予希伍德獎。
common_voice_zh-CN_20866714.mp3,他痛哭起來
common_voice_zh-CN_22971039.mp3,白石溝鄉是中國陝西省漢中市略陽縣下轄的一個鄉。
common_voice_zh-CN_33205713.mp3,不可數分類詞並不像可數分類詞那樣從個體名詞中提取出固有的屬性。
common_voice_zh-CN_19498244.mp3,出身於神奈川縣橫濱市。
common_voice_zh-CN_32733271.mp3,該字母讀音爲次開央元音。
common_voice_zh-CN_18650000.mp3,是我們的一分子
common_voice_zh-CN_22075779.mp3,東武鐵道股份有限公司的組成企業之一。
common_voice_zh-CN_20557133.mp3,利奧波德亦是普魯士陸軍的主要組織者和改革者。
common_voice_zh-CN_21949864.mp3,拉哈爾早熟禾爲禾本科早熟禾屬下的一個種。
common_voice_zh-CN_19878594.mp3,接觸核輻射後合體變成王者基多拉。
common_voice_zh-CN_24699101.mp3,阿特塞是奧地利上奧地利州弗克拉布魯克縣的一個市鎮。
common_voice_zh-CN_22055989.mp3,大花茄爲茄科茄屬下的一個種。
common_voice_zh-CN_18668339.mp3,格林鎮區爲美國堪薩斯州索姆奈縣轄下的鎮區。
common_voice_zh-CN_32970099.mp3,曾任第一高級步兵學校副政委兼政治部主任。
common_voice_zh-CN_19165365.mp3,洛夫蘭是位於克羅埃西亞伊斯特拉地區的一個城鎮。
common_voice_zh-CN_33111805.mp3,當時的名字爲妖魔。
common_voice_zh-CN_23932101.mp3,改差浙東制置使司幹辦公事。
common_voice_zh-CN_18987608.mp3,森林內有部分商業伐木活動。
common_voice_zh-CN_19712987.mp3,我站了起來
common_voice_zh-CN_33568742.mp3,有關負責同志列席了會議。
common_voice_zh-CN_23627878.mp3,日本女貞是木犀科女貞屬的植物。
common_voice_zh-CN_32732738.mp3,這一模型的重要結論之一是必須存在希格斯粒子。
common_voice_zh-CN_22092803.mp3,它以俄亥俄州托萊多命名。
common_voice_zh-CN_32737546.mp3,不同的尼日利亞語言從這個字母表中提取書寫用的字母。
common_voice_zh-CN_18778227.mp3,衛颯，字子產。
common_voice_zh-CN_18536476.mp3,我倒是覺得重要
common_voice_zh-CN_22185578.mp3,教會主辦阿利根尼山脈以西的第一個童子軍部隊。
common_voice_zh-CN_22190583.mp3,惠僑英文中學一直實行全方位的校本管理。
common_voice_zh-CN_22073928.mp3,毛麻楝爲楝科麻楝屬下的一個變種。
common_voice_zh-CN_32971253.mp3,瓜尼揚伊斯是巴西米納斯吉拉斯州的一個市鎮。
common_voice_zh-CN_20958205.mp3,他們由着名豪族和比得上維爾紐斯省總督和大司法官的權力和威望的人任命。
common_voice_zh-CN_32731681.mp3,此站站名背景是附近的民族大街。
common_voice_zh-CN_33389008.mp3,速杉隼人是一名熱愛新幹線的少年。
common_voice_zh-CN_32735660.mp3,本列表爲布基納法索駐中華民國和中華人民共和國曆任大使名錄。
common_voice_zh-CN_32681144.mp3,他的職業生涯歷經了朝鮮日治時期和朝鮮民主主義人民共和國兩個時期。
common_voice_zh-CN_22144040.mp3,他的一些單獨的作品經常被重印也被翻譯爲外語。
common_voice_zh-CN_18689532.mp3,嫡母王氏；生母李氏。
common_voice_zh-CN_18995101.mp3,山皂莢爲豆科皂莢屬的植物。
common_voice_zh-CN_18776279.mp3,布萊爾親自參與了談判。
common_voice_zh-CN_22104984.mp3,遼國外戚。
common_voice_zh-CN_22187288.mp3,引申爲無端招惹災禍。
common_voice_zh-CN_18811958.mp3,劉天授，江西萬安縣人。
common_voice_zh-CN_22109708.mp3,第二次印巴戰爭爆發後巴基斯坦軍隊徵用巴基斯坦國際航空做貨流和運輸服務。
common_voice_zh-CN_32961462.mp3,巋然不動
common_voice_zh-CN_33482147.mp3,美麗的花蓮
common_voice_zh-CN_18817889.mp3,劉曜讓卜泰轉告靳準，讓他早日迎奉自己的大駕。
common_voice_zh-CN_33277985.mp3,多位於名山大川附近以及大城市裏。
common_voice_zh-CN_22114020.mp3,而喬布斯本人也承認了該電腦的確是以女兒的名字命名的。
common_voice_zh-CN_33658549.mp3,大多使用可口可樂而非百事可樂。
common_voice_zh-CN_33207395.mp3,遣歸河東郡。
common_voice_zh-CN_19008576.mp3,害怕打破這假扮的幸福
common_voice_zh-CN_18991004.mp3,惠貞書院官方網站
common_voice_zh-CN_33579854.mp3,圖種是一種利用圖片檔來傳遞壓縮檔的技巧。
common_voice_zh-CN_22056523.mp3,後任重慶市副市長。
common_voice_zh-CN_33654773.mp3,他認爲文學作品應該也被用來喚醒青年對社會的關心與敏感。
common_voice_zh-CN_33040710.mp3,拉塞爾。
common_voice_zh-CN_21353960.mp3,襄城城牆爲河南省境內保存最完整的縣城城牆。
common_voice_zh-CN_22316007.mp3,殿試登進士第二甲第四十八名。
common_voice_zh-CN_32731846.mp3,祖父鄭得春。
common_voice_zh-CN_18742680.mp3,堂號使用則幾乎不見於金門、香港，及夏威夷等海外漢移民區塊。
common_voice_zh-CN_19898211.mp3,雙方關係頓時緊張起來。
common_voice_zh-CN_33656364.mp3,九子奪嫡以康熙帝皇四子雍親王胤禛取勝告終。
common_voice_zh-CN_33581128.mp3,隋代官俸恢復了兩漢時期以粟米計算俸祿的方式。
common_voice_zh-CN_32743478.mp3,弗朗庫爾卡泰隆。
common_voice_zh-CN_22362286.mp3,妳爲什呢要跟他亂說話
common_voice_zh-CN_18629664.mp3,我說沒拿就沒拿啊
common_voice_zh-CN_19470378.mp3,瑞士聯賽盃是瑞士一項足球盃賽。
common_voice_zh-CN_33372274.mp3,貝盧瓦人口變化圖示
common_voice_zh-CN_19805559.mp3,古德柴爾德在麥克馬斯特大學攻讀博士時對護城洞進行了重新審視。
common_voice_zh-CN_20220191.mp3,吳城杯殖吸蟲爲同盤科杯殖屬的動物。
common_voice_zh-CN_32896922.mp3,其中漢朝與唐朝之盛世又被合稱爲漢唐盛世。
common_voice_zh-CN_33384892.mp3,鹹平三年知樞密院事。
common_voice_zh-CN_33130506.mp3,其劇劇情與原着的第二版大致相同。
common_voice_zh-CN_18776166.mp3,雖然水庫對下游村民有所預警，但其時間僅夠居民疏散，其牲畜財產得不到撤離。
common_voice_zh-CN_20166729.mp3,美國是世界礦產資源最豐富的國家之一。
common_voice_zh-CN_33371506.mp3,出生於奧地利的哥穆德受訓。
common_voice_zh-CN_21378595.mp3,伊拉蒂是巴西巴拉那州的一個市鎮。
common_voice_zh-CN_27326952.mp3,文章在接受後都可以在其網站上立即免費獲得。
common_voice_zh-CN_27569230.mp3,最後的積分則是所有項目積分相加。
common_voice_zh-CN_19463669.mp3,拉穆人口變化圖示
common_voice_zh-CN_22187366.mp3,夏爾被他的侄子推翻下臺後加洛林王朝的大帝國正式四分五裂了。
common_voice_zh-CN_19486237.mp3,現時任教英甲球會斯肯索普。
common_voice_zh-CN_22499371.mp3,早年由舉人捐內閣中書。
common_voice_zh-CN_18660303.mp3,秦董姜天主教堂，位於山東省濱州市濱城區濱北街道。
common_voice_zh-CN_33217565.mp3,出生於日本宮城縣。
common_voice_zh-CN_18822640.mp3,她的父親是一位律師，還曾爲《紐約時報》撰稿；母親艾爾莎是一位出版業主管。
common_voice_zh-CN_32737995.mp3,共產主義婦女國際是共產國際下屬的國際婦女運動組織。
common_voice_zh-CN_20712551.mp3,竹子林站共設有五個出口。
common_voice_zh-CN_19716991.mp3,國際社會主義團體是英國的一個已不存在的托洛茨基主義組織。
common_voice_zh-CN_19052671.mp3,集惠寺始建於清朝幹隆四十八年。
common_voice_zh-CN_24931695.mp3,乾隆十二年舉人。
common_voice_zh-CN_26218522.mp3,傘可以是簡單款，也可以是複合款。
common_voice_zh-CN_19008668.mp3,採白蓮教支派。
common_voice_zh-CN_18817027.mp3,除李佑銓墓方位朝西北外，其餘五座皆朝西南。
common_voice_zh-CN_21410744.mp3,五大湖地區保持着很大數目的加拿大雁。
common_voice_zh-CN_22106002.mp3,真田信勝爲戰國時代至江戶時代初期武將。
common_voice_zh-CN_22528061.mp3,蒂蒂雅。
common_voice_zh-CN_22450939.mp3,吉納爾人口變化圖示
common_voice_zh-CN_21838943.mp3,毀謗司機
common_voice_zh-CN_18792639.mp3,蕭暎死後，歸附陳霸先，典掌書記。
common_voice_zh-CN_19704061.mp3,頰車穴是屬於足陽明胃經的腧穴。
common_voice_zh-CN_33491882.mp3,歐羅米終於找到最高隘口精靈。
common_voice_zh-CN_26192518.mp3,舊金山警察局北站爲西增區提供服務。
common_voice_zh-CN_27650732.mp3,當時該私立學校僅有三位黑人學生。
common_voice_zh-CN_33273886.mp3,他是制憲國民大會代表。
common_voice_zh-CN_22242635.mp3,河東人。
common_voice_zh-CN_19716982.mp3,他實施了進一步改造城市的政策。
common_voice_zh-CN_23380877.mp3,爲三國時期蜀漢重要將領張飛之長女。
common_voice_zh-CN_23727380.mp3,三角銀鱗蛛爲肖鞘科銀鱗蛛屬的動物。
common_voice_zh-CN_18782293.mp3,燕忠，字良臣，號西溪，直隸薊州人。
common_voice_zh-CN_22257419.mp3,今後將更加註意和小心。
common_voice_zh-CN_20071492.mp3,是指通過對資產證券化的各個環節進行評估而評定證券信用等級的機構。
common_voice_zh-CN_32676835.mp3,可能兩人都對倡導此派學說有功。
common_voice_zh-CN_18626967.mp3,史諾總統的名字科利奧雷納斯源自於古羅馬將軍。
common_voice_zh-CN_18627452.mp3,每期節目由兩名主播負責播報。
common_voice_zh-CN_32665853.mp3,郭德潔早年就讀於城廂高等小學。
common_voice_zh-CN_32596504.mp3,與他們相處不是很愉快
common_voice_zh-CN_19716539.mp3,如白氏文昌魚。
common_voice_zh-CN_20785587.mp3,球狀閃電防空坦克是納粹德國在第二次世界大戰後期研製的一款防空坦克。
common_voice_zh-CN_27642485.mp3,聽到我希望寫她的故事
common_voice_zh-CN_18999976.mp3,威金斯出生在加拿大多倫多。
common_voice_zh-CN_19704025.mp3,中國國民黨向來在鄉鎮市長選舉佔有優勢。
common_voice_zh-CN_22145367.mp3,晚年生活悽苦。
common_voice_zh-CN_18663723.mp3,該糾紛最終爆發爲地緣政治衝突，涉及穆斯林和猶太人團體在各大洲遵守和餞行國際法。
common_voice_zh-CN_22681730.mp3,合理安排旅遊線路
common_voice_zh-CN_18979704.mp3,江蘇銅山。
common_voice_zh-CN_18828706.mp3,此外，漕寶路七號橋因位於漕寶路邊，據規劃圖也屬於二期工程改造對象。
common_voice_zh-CN_22054603.mp3,莊際昌爲浙江按察司僉事莊用賓之曾孫。
common_voice_zh-CN_21401259.mp3,但後來少說了
common_voice_zh-CN_20400756.mp3,創辦人將分享
common_voice_zh-CN_33130954.mp3,林天蘭曾評價浙江大學龍泉分校是國際教育史上唯一一所在敵戰區興辦的大學。
common_voice_zh-CN_22089199.mp3,後來的法國一些裝甲戰鬥車輛也利用了這款坦克的一些技術成果。
common_voice_zh-CN_32586888.mp3,達文特里是位於英格蘭北安普敦郡的一座城市。
common_voice_zh-CN_22094719.mp3,清朝宗室。
common_voice_zh-CN_33056471.mp3,散塔林會的主要目的是控制被遺忘的國度中繁華地區的貿易通道。
common_voice_zh-CN_22005548.mp3,官至江西糧道。
common_voice_zh-CN_19716866.mp3,短果百脈根爲豆科百脈根屬下的一個種。
common_voice_zh-CN_18999958.mp3,意爲武藏野中的原野。
common_voice_zh-CN_32670072.mp3,萊布尼茲的直覺在這時讓他避免了在沃爾夫的解法上費力氣。
common_voice_zh-CN_20778914.mp3,聖瑟法斯是馬斯特裏赫特城的主保聖人。
common_voice_zh-CN_19463841.mp3,而低溫環境下的因瓦效應則主要是由於量子波動引起的。
common_voice_zh-CN_22217575.mp3,推測該墳的主人可能就是伊瓦爾。
common_voice_zh-CN_20409546.mp3,宋敬輿人。
common_voice_zh-CN_33108665.mp3,在其他的分類方式上本類生物歸屬於原生生物而非植物。
common_voice_zh-CN_22114514.mp3,田中義一。
common_voice_zh-CN_19702581.mp3,切扎裏娜是巴西戈亞斯州的一個市鎮。
common_voice_zh-CN_18995080.mp3,使其成爲牛津大學中經費第四多的學院。
common_voice_zh-CN_22116278.mp3,蘋果杯每年一度的美式足球比賽。
common_voice_zh-CN_18848840.mp3,幹道九年十二月，擔任籤書樞密院事。
common_voice_zh-CN_19009124.mp3,拉博姆科爾尼朗。
common_voice_zh-CN_33644532.mp3,自此客流開始上升。
common_voice_zh-CN_32900616.mp3,它是在美國提出這種觀點的唯一的馬克思主義集團。
common_voice_zh-CN_20309367.mp3,列出現今已知的數個製圖軟體
common_voice_zh-CN_21792939.mp3,整個遺址分爲採礦區和冶煉區。
common_voice_zh-CN_19705924.mp3,廣東學生的此種現象較嚴重。
common_voice_zh-CN_20778924.mp3,許世英人。
common_voice_zh-CN_19018395.mp3,古希臘曆法中也包含這兩個週期。
common_voice_zh-CN_19052544.mp3,阿加汗三世。
common_voice_zh-CN_18536091.mp3,買了巴士票
common_voice_zh-CN_33578151.mp3,封面設計參照了海灘男孩的專輯。
common_voice_zh-CN_19029263.mp3,外景拍攝通常都在京都市左京區的岡崎周邊進行。
common_voice_zh-CN_22108143.mp3,現今亦列爲中華民國國定古蹟。
common_voice_zh-CN_19026563.mp3,阿正把杯麪設計成一個令人想擁抱的可愛外觀。
common_voice_zh-CN_22488322.mp3,描述不婚女性的故事。
common_voice_zh-CN_25410529.mp3,用魔法變身過小花小學時代對外宣稱的父親。
common_voice_zh-CN_32738438.mp3,一直到了前兩天我才知道
common_voice_zh-CN_33221185.mp3,根本不可能有錢還他們
common_voice_zh-CN_18593938.mp3,託旺達鎮區可能是指以下位於美國的鎮區：
common_voice_zh-CN_18650054.mp3,審訊中，沃倫斯基被問到什麼促使他犯罪，他簡單地說：“我討厭人類。
common_voice_zh-CN_18627008.mp3,阿根廷的國立科爾多瓦大學和。
common_voice_zh-CN_32893920.mp3,立柱上方爲希臘式三角屋頂浮雕。
common_voice_zh-CN_33380738.mp3,大型水庫老營盤水庫位於境內。
common_voice_zh-CN_22091426.mp3,拉帕爾馬是達連省首府。
common_voice_zh-CN_18627518.mp3,體型與生存於非洲的匹敵，而體重則超越現存的長頸鹿。
common_voice_zh-CN_32739374.mp3,離開創世紀詩社。
common_voice_zh-CN_32738880.mp3,天文學經常被宣傳爲少數科學當中業餘人士仍能貢獻有用的資料的一個。
common_voice_zh-CN_22031974.mp3,在九維空間中的多胞形都被稱爲八維多胞形。
common_voice_zh-CN_32743842.mp3,採用部分與俄製現代級驅逐艦相同的武器系統以及電子設備。
common_voice_zh-CN_18987904.mp3,紅色及綠色分別表示建制派及泛民主派。
common_voice_zh-CN_19003444.mp3,但其學生都十分尊敬他並懷念他上課時光。
common_voice_zh-CN_23607986.mp3,絲藻目爲藻類植物之一植物目。
common_voice_zh-CN_33573706.mp3,運河街爲該市最古老的街區法國區與較新的美國區之間的邊界。
common_voice_zh-CN_32974538.mp3,傳聞是漁民在此曬網而得名。
common_voice_zh-CN_25934554.mp3,它由獵鹿、水禽和小型遊戲組成，且對這些項目開放。
common_voice_zh-CN_22005749.mp3,南豐衚衕內過去有許多名人舊居。
common_voice_zh-CN_23606744.mp3,今日在國外的清真寺喚拜塔的功能已改由人工現場喚念擴音器來傳播。
common_voice_zh-CN_32906020.mp3,是中國海拔最高的外流淡水湖。
common_voice_zh-CN_22081541.mp3,複雜多樣的地形給交通運輸的發展造成了巨大阻礙。
common_voice_zh-CN_19425893.mp3,阿洛維爾。
common_voice_zh-CN_18955096.mp3,林果業比較發達。
common_voice_zh-CN_18626791.mp3,洛科亞是位於美國加利福尼亞州納帕縣的一個非建制地區。
common_voice_zh-CN_19519400.mp3,火炬松爲松科松屬的植物。
common_voice_zh-CN_20924414.mp3,阿貢當日人口變化圖示
common_voice_zh-CN_22032752.mp3,名稱來自先進互動執行系統。
common_voice_zh-CN_22328087.mp3,畢業後在瀋陽飛機設計研究所工作。
common_voice_zh-CN_23609210.mp3,埃爾克霍恩是位於美國加利福尼亞州蒙特雷縣的一個人口普查指定地區。
common_voice_zh-CN_22113743.mp3,兩條主要鄉村上白泥村及下白泥村均轄屬廈村鄉。
common_voice_zh-CN_33110675.mp3,林子崴是臺灣青棒投手。
common_voice_zh-CN_19021888.mp3,日本海側氣候指的是日本自北海道到山陰地方濱臨日本海側地區的冬型氣候的特徵。
common_voice_zh-CN_22499350.mp3,卡氏蓋蛛爲皿蛛科蓋蛛屬的動物。
common_voice_zh-CN_33580804.mp3,泥管藤壺爲藤壺科管藤壺屬下的一個種。
common_voice_zh-CN_19137017.mp3,四年卒。
common_voice_zh-CN_20370917.mp3,醫學博士。
common_voice_zh-CN_20896551.mp3,斯特勞姆文明圈的人造語言的名稱。
common_voice_zh-CN_19996618.mp3,生卒於慕尼黑。
common_voice_zh-CN_18821329.mp3,閻顯可能指：
common_voice_zh-CN_20051463.mp3,授監察御史。
common_voice_zh-CN_32901146.mp3,該航空公司運營從歐洲其他國家和以色列出發飛往克羅地亞度假勝地的航線。
common_voice_zh-CN_22107290.mp3,士行如將。
common_voice_zh-CN_33398214.mp3,這終究是一場被擺佈的人生
common_voice_zh-CN_22064087.mp3,宇宙距離梯度是天文學家測量與確定天體距離的一系列相關聯方法。
common_voice_zh-CN_33644703.mp3,東風菜是菊科東風菜屬的植物。
common_voice_zh-CN_19080137.mp3,香港風雨很大
common_voice_zh-CN_20400785.mp3,其下的波紋是東平湖。
common_voice_zh-CN_18768663.mp3,鼎盛時期在隋唐，於宋金之後衰落，於宋末毀滅，在今世又振興起來。
common_voice_zh-CN_22331141.mp3,阮福芳明是越南阮朝末代皇帝保大帝皇帝和他的側室之女。
common_voice_zh-CN_33207139.mp3,她亦曾參選中國的金石小姐選美並封后。
common_voice_zh-CN_33289181.mp3,制憲國民大會是影響中國近現代史發展的重大歷史事件。
common_voice_zh-CN_33278952.mp3,也是該領域教科書作者。
common_voice_zh-CN_18650586.mp3,雅各伯湖是位於美國亞利桑那州可可尼諾縣的一個非建制地區。
common_voice_zh-CN_19716568.mp3,看了看時間
common_voice_zh-CN_20506027.mp3,二高氯酸肼可由水合肼和高氯酸在低溫反應得到。
common_voice_zh-CN_18536599.mp3,亞當斯是位於美國加利福尼亞州萊克縣的一個非建制地區。
common_voice_zh-CN_22076014.mp3,阿茲姆特連鎖酒店管理公司還從事蘇聯時期的酒店改造業務。
common_voice_zh-CN_20186841.mp3,有牡丹蝦
common_voice_zh-CN_25034998.mp3,而來自澳門的運動員則因爲中國澳門不是國際奧委會成員而沒有參賽。
common_voice_zh-CN_21674696.mp3,第一次世界大戰結束
common_voice_zh-CN_18782288.mp3,道光元年癸未科進士。
common_voice_zh-CN_19706171.mp3,有學者認爲美國國旗可被視爲美國國家崇拜的主要圖騰。
common_voice_zh-CN_32587909.mp3,主要派系的領導者是當年的第二把手。
common_voice_zh-CN_18987875.mp3,希臘歷史學家普魯塔克曾寫下密碼棒的用法。
common_voice_zh-CN_33269264.mp3,桐園草堂琴譜中國古琴譜。
common_voice_zh-CN_18710511.mp3,穀倉塔是一種用於儲存穀物的農業設施。
common_voice_zh-CN_23620681.mp3,被認爲是居合道的始祖。
common_voice_zh-CN_18626944.mp3,臺灣由中華電視公司播放。
common_voice_zh-CN_33206290.mp3,熱維斯的事業從音樂界開始。
common_voice_zh-CN_21656142.mp3,遊戲獲得國家冰球聯盟的許可。
common_voice_zh-CN_18981520.mp3,車站位於金山大道與金南一路路口。
common_voice_zh-CN_32893163.mp3,麟德元年遙領單于大都護。
common_voice_zh-CN_20159624.mp3,父親周書府是江蘇鹽城人。
common_voice_zh-CN_18955317.mp3,血型的遺傳一般遵守孟德爾定律。
common_voice_zh-CN_33495226.mp3,他出生在肯塔基州路易維爾。
common_voice_zh-CN_32589491.mp3,直隸乙酉鄉試。
common_voice_zh-CN_19063822.mp3,溫格斯特是德國下薩克森州的一個市鎮。
common_voice_zh-CN_19432635.mp3,蒙斯特魯米利厄。
common_voice_zh-CN_33299326.mp3,該衝鋒槍的一個特點是位於扳機護環後方的拆卸螺栓。
common_voice_zh-CN_32975902.mp3,亞拉東遺址的歷史年代爲新石器時代。
common_voice_zh-CN_18817015.mp3,呂伐德拉蒂爾是荷蘭的一個已被撤銷的市鎮，屬於弗里斯蘭省，位於荷蘭北部。
common_voice_zh-CN_19878613.mp3,在歷史上波普勒曾是米德塞克斯的一部分。
common_voice_zh-CN_18718305.mp3,如同現今筆記型電腦一般，該款機型擁有電源管理功能，可由電池供電運作。
common_voice_zh-CN_26642202.mp3,謝祿命部下絞殺更始帝。
common_voice_zh-CN_20865813.mp3,聖奧諾雷萊班人口變化圖示
common_voice_zh-CN_18792630.mp3,芬蘭語，愛沙尼亞語和匈牙利語的其它方位格：
common_voice_zh-CN_21220565.mp3,香港金融投資控股集團有限公司。
common_voice_zh-CN_33659526.mp3,奧運會結束，各國運動員共拿走了三百三十多枚獎牌。
common_voice_zh-CN_19704551.mp3,出生在肯塔基州。
common_voice_zh-CN_32737617.mp3,上海各大報紙紛紛報道。
common_voice_zh-CN_32673691.mp3,中華人民共和國國務院總理李鵬代表中國政府致詞祝賀開業。
common_voice_zh-CN_18811894.mp3,嘉慶九年，署任廣東廣州府永安縣知縣。
common_voice_zh-CN_22112692.mp3,但過多的破格會造成整頁構圖的混亂。
common_voice_zh-CN_18983649.mp3,徵西將軍夏侯玄與李勝是老朋友。
common_voice_zh-CN_18794131.mp3,後來證明，格蘭特博士根本就不存在。
common_voice_zh-CN_18531540.mp3,印第安維爾斯是位於美國加利福尼亞州克恩縣的一個非建制地區。
common_voice_zh-CN_32590667.mp3,吳榮根被調至政治作戰學校擔任講師。
common_voice_zh-CN_19717100.mp3,晉級跨洲附加賽。
common_voice_zh-CN_21562921.mp3,隨後他獲得美國紐約聖約翰大學的政治科學碩士學位。
common_voice_zh-CN_27364408.mp3,現在是東北電力的服務地域。
common_voice_zh-CN_32604345.mp3,喝咖啡當早餐
common_voice_zh-CN_20391909.mp3,魚腥腦島燈塔是浙江省岱山縣境內的一座燈塔。
common_voice_zh-CN_23606765.mp3,南阿散蒂阿基姆縣爲迦納阿散蒂地區轄下的一縣。
common_voice_zh-CN_22118990.mp3,一些現代的研究人員常將科恩威爾嫩河與育空河聯繫在一起。
common_voice_zh-CN_19481016.mp3,會計期內未售出的庫存產品的成本不能計入毛利潤的計算公式。
common_voice_zh-CN_18991274.mp3,分盟是根據八路軍的戰略地區而設置的。
common_voice_zh-CN_18782251.mp3,沿街開設奢侈品商店、餐館和咖啡館。
common_voice_zh-CN_19014624.mp3,當時有三種處理方案。
common_voice_zh-CN_33490249.mp3,白腹隼雕爲鷹科真雕屬的鳥類。
common_voice_zh-CN_22211471.mp3,弗朗努瓦。
common_voice_zh-CN_22211356.mp3,這五等封爵並不屬於明朝建立後的正式封爵體系。
common_voice_zh-CN_22117926.mp3,境內的建築還包括布阿集團的煉油廠等。
common_voice_zh-CN_19705915.mp3,遊戲分爲單人遊戲模式和對戰模式。
common_voice_zh-CN_26188192.mp3,磁異常報告結果並未顯示出這些地點的一致性。
common_voice_zh-CN_18650625.mp3,揚是位於美國亞利桑那州希拉縣的一個人口普查指定地區。
common_voice_zh-CN_18682309.mp3,他的父親是採取家庭教育的方式來培養他和他的另外兩個兄弟。
common_voice_zh-CN_32890091.mp3,報紙創刊號亦於當日於全港十六處地方免費派發。
common_voice_zh-CN_18768635.mp3,皇帝手持權杖，杖頭是一隻老鷹，正飛向他們夫婦。
common_voice_zh-CN_20085096.mp3,縣治伯靈頓。
common_voice_zh-CN_20972461.mp3,他的詩簡短而精深。
common_voice_zh-CN_22108924.mp3,斯沙爾拉克貝爾甘伊爾姆斯泰。
common_voice_zh-CN_19008518.mp3,山東省沂源縣發現的沂源猿人被認爲是最早的山東人。
common_voice_zh-CN_20070489.mp3,另外美術室及體育部增設冷氣。
common_voice_zh-CN_20085053.mp3,重量級是搏擊運動的體重級別之一。
common_voice_zh-CN_22105710.mp3,推動災區的復原重建
common_voice_zh-CN_33379635.mp3,母姚氏。
common_voice_zh-CN_18987880.mp3,目前它仍在俄羅斯空軍和各種出口客戶當中服役。
common_voice_zh-CN_33130648.mp3,他擅長蛙泳。
common_voice_zh-CN_22185548.mp3,波頓與弗雷克結婚後生活在紐約布魯克林區。
common_voice_zh-CN_19240391.mp3,自此第三股勢力登場。
common_voice_zh-CN_19110801.mp3,範廣人。
common_voice_zh-CN_21386496.mp3,軟骨耳蕨爲鱗毛蕨科耳蕨屬下的一個種。
common_voice_zh-CN_20785504.mp3,她還是上海電影製片廠創作室的中共黨總支書記。
common_voice_zh-CN_22105744.mp3,極限學習機的名稱來自新加坡南洋理工大學黃廣斌教授所建立的模型。
common_voice_zh-CN_20391586.mp3,終於鬆了口氣
common_voice_zh-CN_32734772.mp3,創辦於泰王拉瑪五世時。
common_voice_zh-CN_23613965.mp3,該事件由一名陌生人通過電話下達行動指令。
common_voice_zh-CN_19470017.mp3,該組織的總部位於萬象。
common_voice_zh-CN_18688878.mp3,韓國女演員英熙正因爲與一個已婚男子的戀情而備受壓力，她甘願放棄一切以表明心跡。
common_voice_zh-CN_33202371.mp3,該遊戲獲得負面的評價。
common_voice_zh-CN_21093341.mp3,長葉粉背青岡爲殼鬥科青岡屬下的一個種。
common_voice_zh-CN_24985856.mp3,促進、保障疫期、疫後更加及時有效履行檢察職能
common_voice_zh-CN_22087465.mp3,軍兵種元帥可被晉升爲軍兵種主帥。
common_voice_zh-CN_18585321.mp3,沃特金斯維爾是一個位於美國喬治亞州奧康尼縣的城市。
common_voice_zh-CN_18718136.mp3,萬曆十四年，登進士第三甲第二十七名。
common_voice_zh-CN_18536087.mp3,薛崇，唐朝官員。
common_voice_zh-CN_22102083.mp3,十三年卒於任上。
common_voice_zh-CN_23341772.mp3,其作品多集中於動畫遊戲領域。
common_voice_zh-CN_32733118.mp3,皮德拉是位於美國亞利桑那州馬里科帕縣的一個非建制地區。
common_voice_zh-CN_18650511.mp3,格蘭特鎮區爲美國堪薩斯州塞奇威克縣轄下的鎮區。
common_voice_zh-CN_22242588.mp3,三兄弟都聲稱在很多場合見到過母親的幽靈或者聽到過母親的聲音。
common_voice_zh-CN_33276513.mp3,和維吉尼亞的切塞皮克灣橋樑及隧道。
common_voice_zh-CN_19014591.mp3,這個條約給了瑞士邦聯在帝國中的很大的獨立性。
common_voice_zh-CN_19020542.mp3,辰野停車區是位於長野縣上伊那郡辰野町的中央自動車道之休息區。
common_voice_zh-CN_18999855.mp3,曾祖父陳友。
common_voice_zh-CN_24987725.mp3,地拉那游擊隊足球俱樂部是阿爾巴尼亞的一家足球俱樂部。
common_voice_zh-CN_18782199.mp3,米格爾·安赫爾·奧索里奧·鍾是墨西哥的政治家。
common_voice_zh-CN_18667007.mp3,實存運動是臺灣日治時期的一個重要哲學運動。
common_voice_zh-CN_19513338.mp3,司珀斯古羅馬宗教和神話中職司希望的女性神只之一。
common_voice_zh-CN_18722446.mp3,該事件導致雙方軍人共三十餘人死亡。
common_voice_zh-CN_32598226.mp3,南座和北座的樓層名稱都不一樣。
common_voice_zh-CN_18536590.mp3,康州，中國南北朝時設置的州。
common_voice_zh-CN_26237576.mp3,一個蹣跚學步的孩子正在聖誕樹上放裝飾品
common_voice_zh-CN_33482227.mp3,新頭足綱。
common_voice_zh-CN_18996487.mp3,目前球隊的主場設立在莎亞南體育場。
common_voice_zh-CN_33119750.mp3,該組織致力於保護和研究瑞典和在美國文化和歷史中的歷史角色。
common_voice_zh-CN_18816635.mp3,麗茲酒店可以指：
common_voice_zh-CN_18990498.mp3,不等殼毛蚶是魁蛤目魁蛤科毛蚶屬的一種。
common_voice_zh-CN_32729882.mp3,佛羅里達州的縣是州政府的分支。
common_voice_zh-CN_18536499.mp3,她也認爲泰雅族的織女們並非只是編織的工匠，而是肩負傳承文化與藝術創作的藝師。
common_voice_zh-CN_18758498.mp3,壁花男孩可以指：
common_voice_zh-CN_20071472.mp3,李福仁生於英國伯明翰。
common_voice_zh-CN_22094909.mp3,它使得服務器和客戶端之間即時雙向的通信成爲可能。
common_voice_zh-CN_19716825.mp3,因此宣稱在古埃及出現的酵母最早證據仍有商酌餘地。
common_voice_zh-CN_32732991.mp3,南寧高新技術產業開發區
common_voice_zh-CN_19008665.mp3,尾野真千子出身。
common_voice_zh-CN_20499233.mp3,時人將其與東方朔等相提並比。
common_voice_zh-CN_28303957.mp3,無法以佃農身分參加農保
common_voice_zh-CN_22211447.mp3,學界對於探馬赤軍的解釋有許多說法。
common_voice_zh-CN_33037201.mp3,雪白粉背蕨爲中國蕨科粉背蕨屬下的一個種。
common_voice_zh-CN_18776160.mp3,因爲它會污染粒細胞及其前體細胞，它也是骨髓瘤的有效標記物。
common_voice_zh-CN_32889489.mp3,山柿子果爲樟科山胡椒屬下的一個種。
common_voice_zh-CN_18997335.mp3,此病毒有可能也能感染其他靈長目人猿總科的動物。
common_voice_zh-CN_33651513.mp3,喫完飯後差點忘了
common_voice_zh-CN_33208168.mp3,現在已絕種。
common_voice_zh-CN_33278921.mp3,敘利亞的神學奠基者是遵循安提阿傳統的塔爾索的狄奧多和摩普綏的狄奧多。
common_voice_zh-CN_18536429.mp3,對道路的擴建加高並不能真正改善城市交通擁堵的狀況。
common_voice_zh-CN_33483377.mp3,至元二十四年將寧夏行省併入甘肅行省。
common_voice_zh-CN_18765986.mp3,號召全體僑胞各盡所能，各竭所有，自策自鞭，自勵自勉，踊躍慷慨，貢獻於國家”。
common_voice_zh-CN_32583925.mp3,普雷佩查語中的輕重讀是不同的音位。
common_voice_zh-CN_22190311.mp3,現時這條街道是香港著名的購物區之一。
common_voice_zh-CN_33573899.mp3,卒於度宗鹹淳十年。
common_voice_zh-CN_33209521.mp3,清理內棺的文物預計需要一週時間。
common_voice_zh-CN_33498075.mp3,祖籍浙江寧波鄞縣。
common_voice_zh-CN_19716965.mp3,全部都發表在小學館所發行的雜誌。
common_voice_zh-CN_33211224.mp3,參加了湘鄂贛邊區的游擊戰。
common_voice_zh-CN_23633827.mp3,收容教育所一般隸屬於地級市公安局監管支隊。
common_voice_zh-CN_20070906.mp3,祖父徐慶。
common_voice_zh-CN_19125456.mp3,這次選舉的一個重要意義在於它暴露了美國憲法原始條文中的一個缺陷。
common_voice_zh-CN_18690274.mp3,下轄巴州、渠州。
common_voice_zh-CN_32597047.mp3,待會去喫冰
common_voice_zh-CN_32589490.mp3,乾地繡線菊爲薔薇科繡線菊屬下的一個種。
common_voice_zh-CN_32728712.mp3,亦同時是土生土語話劇團的旗下演員。
common_voice_zh-CN_18742653.mp3,由全國政協辦公廳信息中心主辦，中國網絡電視臺提供技術支持。
common_voice_zh-CN_20409595.mp3,兩人育有三個子女。
common_voice_zh-CN_21323682.mp3,他的實際軍階有着海軍上將和海軍大臣的權力和職責。
common_voice_zh-CN_19029260.mp3,中國大地重力學和地球形狀學的創始人。
common_voice_zh-CN_33214008.mp3,腦海裏的聲音
common_voice_zh-CN_19266239.mp3,另外三位分別爲趙少昂。
common_voice_zh-CN_18536472.mp3,里奧里科是位於美國亞利桑那州聖克魯斯縣的一個人口普查指定地區。
common_voice_zh-CN_32524447.mp3,紹興四年卒。
common_voice_zh-CN_20498346.mp3,畢業學生可以被授予與普通大學相同的學士或碩士或博士學位。
common_voice_zh-CN_20489987.mp3,遂斬之。
common_voice_zh-CN_32732730.mp3,吳福源墓的歷史年代爲南宋。
common_voice_zh-CN_19878447.mp3,光緒二十四年入保國會。
common_voice_zh-CN_18817358.mp3,胡嘉謨，字子忠，陝西西安府涇陽縣人，民籍，明朝政治人物、進士出身。
common_voice_zh-CN_19501799.mp3,其餘的妻子或妾室獲得等級較低的冊封。
common_voice_zh-CN_32891920.mp3,迪河畔班格爾賽馬場是一座位於威爾士迪河畔班格爾賽馬場的純血馬賽馬場。
common_voice_zh-CN_18983417.mp3,擔任政務院文史研究館館員。
common_voice_zh-CN_32486605.mp3,羅斯科納是位於美國加利福尼亞州因皮里爾縣的一個非建制地區。
common_voice_zh-CN_18960243.mp3,第一次怪獸熱潮
common_voice_zh-CN_33054402.mp3,長田區是神戶市中南部的一區。
common_voice_zh-CN_22094658.mp3,曾先後三次獲得亞洲金冰鎬獎。
common_voice_zh-CN_18768562.mp3,司職中堅。
common_voice_zh-CN_19996596.mp3,南面有兩層高卵形學術報告廳。
common_voice_zh-CN_20139978.mp3,芝麻打糕是打糕的一種。
common_voice_zh-CN_20896550.mp3,湖水主要靠冰雪融水補給。
common_voice_zh-CN_22145264.mp3,這些早期作品對他後來的創作有很大影響。
common_voice_zh-CN_23606723.mp3,位於瑞士西部法語區沃州的貝城。
common_voice_zh-CN_21162633.mp3,稀花勿忘草爲紫草科勿忘草屬的植物。
common_voice_zh-CN_22055541.mp3,大灰啄木鳥爲啄木鳥科灰啄木鳥屬的鳥類。
common_voice_zh-CN_22101852.mp3,學校提供的大部分課程都包括初級部分。
common_voice_zh-CN_21602418.mp3,主機埠介面的溝通介面。
common_voice_zh-CN_32590772.mp3,作爲溫泉地則是起於大正時代的開鑿。
common_voice_zh-CN_18990271.mp3,這種帽也是中亞和南亞穆斯林男子常佩戴的帽子。
common_voice_zh-CN_22157399.mp3,雅雷地區聖克魯瓦人口變化圖示
common_voice_zh-CN_26188195.mp3,凱爾索修道院院長 Arnold 建立了聖安德魯斯大教堂。
common_voice_zh-CN_22190440.mp3,農氏春是來自高平省的儂族人。
common_voice_zh-CN_18983273.mp3,郭衍派船搬運糧食救援。
common_voice_zh-CN_22116187.mp3,馬車博物館位於巴塞爾東南的明興施泰因。
common_voice_zh-CN_22114276.mp3,北約國家生產的反艦導彈一般採用渦輪發動機。
common_voice_zh-CN_18955094.mp3,越南北部也有。
common_voice_zh-CN_19240404.mp3,壯年聽雨客舟中。
common_voice_zh-CN_19857795.mp3,綻灰蝶屬是線灰蝶亞科美灰蝶族中的一個屬。
common_voice_zh-CN_32972993.mp3,成功的模仿他的設計
common_voice_zh-CN_25137900.mp3,阮如琢是宏國公阮公筍和枚氏映的第四子。
common_voice_zh-CN_21113775.mp3,但馬龍派基督教徒獲得了在全國範圍內以及經濟上的巨大影響力。
common_voice_zh-CN_22466329.mp3,學校原名南京市西善橋中學。
common_voice_zh-CN_22105940.mp3,有研究者認爲依西可能是鱸鰻或鰱魚羣。
common_voice_zh-CN_18987772.mp3,本屬物種是舊大陸和新大陸上熱帶及亞熱帶地區的原生物種。
common_voice_zh-CN_18661357.mp3,車站主題是「學生與市民的接觸」。
common_voice_zh-CN_18594092.mp3,斯普林菲爾德梅多斯是位於美國加利福尼亞州埃爾多拉多縣的一個非建制地區。
common_voice_zh-CN_22105397.mp3,倪三最終也與追捕他的朝廷捕頭同歸於盡。
common_voice_zh-CN_19008593.mp3,下伊科列茨農村居民點是俄羅斯聯邦沃羅涅日州利斯基區所屬的一個農村居民點。
common_voice_zh-CN_22467325.mp3,雙扇股窗蟹爲沙蟹科股窗蟹屬的動物。
common_voice_zh-CN_22704624.mp3,清康熙三十七年。
common_voice_zh-CN_20391589.mp3,山地人的後裔。
common_voice_zh-CN_22105816.mp3,在豹亞種裏體型偏小。
common_voice_zh-CN_19008603.mp3,後來這被視爲是輝格史的一個例子。
common_voice_zh-CN_32895588.mp3,沃波羅哈沃卡是位於美國亞利桑那州皮馬縣的一個非建制地區。
common_voice_zh-CN_19008703.mp3,萬曆三十五年才起任陝西按察使。
common_voice_zh-CN_32895185.mp3,妖刀定式是一類圍棋定式的統稱。
common_voice_zh-CN_33123003.mp3,諸旗共設佐領四十人。
common_voice_zh-CN_18688904.mp3,然而，亞歷克斯在達拉斯期間並未獲得出場機會，最後在賽季末解約。
common_voice_zh-CN_33283346.mp3,這個廣場是前往阿勒頗大清真寺的主要路線。
common_voice_zh-CN_22212313.mp3,而與本屬同科的動物尚有長吻長舌蝠屬等之數種哺乳動物。
common_voice_zh-CN_18627340.mp3,沃登·沃特森爲一位美國音訊工程師。
common_voice_zh-CN_21946361.mp3,其他症狀表現則常因成因不同而有所差異。
common_voice_zh-CN_32731033.mp3,敏感木藍爲豆科木藍屬下的一個種。
common_voice_zh-CN_19716820.mp3,他從伊露維塔之中得知衆生的結局。
common_voice_zh-CN_22528058.mp3,石油管理總局還與北京大學有關的院系取得了聯繫。
common_voice_zh-CN_18663769.mp3,回到馬來西亞後，他回到沙巴州首席部長辦公室繼續以同樣的職位服務。
common_voice_zh-CN_22519877.mp3,安徽六安人。
common_voice_zh-CN_22430381.mp3,俄羅斯承認中國對外蒙古的宗主權。
common_voice_zh-CN_20400652.mp3,現在市場上出售的歐拉盤一般包括一個面朝上的凹面鏡和一個金屬盤。
common_voice_zh-CN_18776101.mp3,謝爾蓋·維克托羅維奇·斯克裏帕爾，前俄羅斯聯邦軍上校，曾爲英國當間諜。
common_voice_zh-CN_33108544.mp3,泡利環形山坑底從東到西橫貫着無數條來自萊德隕石坑的狹窄射紋束。
common_voice_zh-CN_22115861.mp3,查耶夫斯基被認爲是美國電視黃金時代最具聲望的劇作家。
common_voice_zh-CN_33576363.mp3,阿尚人口變化圖示
common_voice_zh-CN_32974784.mp3,二樓有光南大批發。
common_voice_zh-CN_21804246.mp3,首府蒙戈。
common_voice_zh-CN_32734297.mp3,管轄約今北港一帶區域。
common_voice_zh-CN_33218498.mp3,武黃燕出生在胡志明市一個富裕的家庭。
common_voice_zh-CN_33563519.mp3,此後他離開政界。
common_voice_zh-CN_22971046.mp3,許多市民也到這裏來野炊燒烤。
common_voice_zh-CN_18627120.mp3,該山峯爲火山成因，被茂盛的熱帶雨林覆蓋。
common_voice_zh-CN_33289324.mp3,新媒體法人
common_voice_zh-CN_18996890.mp3,這次很短而且糟糕的飛行飽受結構顫振和發動機共振的困擾。
common_voice_zh-CN_18665528.mp3,但是，東南風遇上較強東北季候風的話，雲帶會受東北季候風影響而減弱消散。
common_voice_zh-CN_21656177.mp3,他的三摩地聖陵持續吸引全世界各地的信衆前來朝聖。
common_voice_zh-CN_19486578.mp3,坐落於海豐縣城北郊五坡嶺。
common_voice_zh-CN_23786953.mp3,普雷雪倫廣場是位於斯洛維尼亞首都盧比安納市中心的一座廣場及行人專用區。
common_voice_zh-CN_18982659.mp3,此後長期在中國科學院北京天文臺從事研究。
common_voice_zh-CN_18536173.mp3,巴龍列謝八世之子喬華二世繼位。
common_voice_zh-CN_22243602.mp3,此站在進入線前存在橫渡線。
common_voice_zh-CN_23662388.mp3,蒙哥馬利是位於美國加利福尼亞州門多西諾縣的一個非建制地區。
common_voice_zh-CN_18595930.mp3,比爾登是一個位於美國阿肯色州沃希託縣的城市。
common_voice_zh-CN_18626972.mp3,科勒爾德蒂拉是位於美國加利福尼亞州蒙特雷縣的一個非建制地區。
common_voice_zh-CN_22079208.mp3,夷隅市是千葉縣房總半島東南部的一市。
common_voice_zh-CN_22970993.mp3,鹿蔥的鱗莖是提取藥品加蘭他敏的良好原料。
common_voice_zh-CN_27642515.mp3,琅勃拉邦國際機場擁有與毗鄰國家的直飛航班。
common_voice_zh-CN_18778208.mp3,不過，《西遊記》導演楊潔力排衆議，堅持在劇中採用此曲。
common_voice_zh-CN_33380424.mp3,他是藝術運動的始創人。
common_voice_zh-CN_23787375.mp3,大部分威北縣的土地用途爲農業。
common_voice_zh-CN_18802149.mp3,萬曆二十年，選戶科給事中。
common_voice_zh-CN_20400706.mp3,西澳州政府官方網頁
common_voice_zh-CN_19266308.mp3,想要成爲魔法少女的女孩們會進入國家設立的培訓機構學習。
common_voice_zh-CN_33572803.mp3,她都會很認真地聽着
common_voice_zh-CN_33291895.mp3,在車上全身是汗
common_voice_zh-CN_33495648.mp3,山東省呂劇院代表了呂劇的最高藝術機構。
common_voice_zh-CN_19703546.mp3,巴耶濟德的軍隊在後世色雷斯中部的埃迪爾內凱尚薩茲勒德雷村與穆斯塔法遭遇。
common_voice_zh-CN_33204544.mp3,其次是依靠空運和水運。
common_voice_zh-CN_22187022.mp3,黑猩猩。
common_voice_zh-CN_22062244.mp3,微型濱瘤海葵爲蠕形海葵科濱瘤海葵屬的動物。
common_voice_zh-CN_33209393.mp3,目前主要的投影方式主要有方位角。
common_voice_zh-CN_23633840.mp3,茁壯植株的籠蔓與葉片的銜接處有時略呈盾形。
common_voice_zh-CN_32586073.mp3,過往也曾出現補習天王和天后身穿古裝打扮成武俠小說角色或歷史人物的廣告。
common_voice_zh-CN_22089838.mp3,生母不詳。
common_voice_zh-CN_22056427.mp3,蘇連遜的名聲在丹麥以外並不是十分響。
common_voice_zh-CN_19026527.mp3,冠山雀會在殘株的穴上築巢。
common_voice_zh-CN_18531624.mp3,在任期間，他曾嘗試將東孟加拉併入巴基斯坦。
common_voice_zh-CN_20872888.mp3,蔡璧煌。
common_voice_zh-CN_18650071.mp3,瓊斯法案是一個美國國會通過的組織法。
common_voice_zh-CN_19716659.mp3,粗頸龜屬是地龜科下的一個屬。
common_voice_zh-CN_19014993.mp3,曾蔭權及新任行政長官梁振英陪同胡錦濤參加各項儀式。
common_voice_zh-CN_22110263.mp3,曾任海軍青島基地副司令員。
common_voice_zh-CN_18885642.mp3,之後將協方差矩陣對角化。
common_voice_zh-CN_18627075.mp3,還有人認爲被視爲維吾爾語方言的羅布話更接近西伯利亞突厥語。
common_voice_zh-CN_33657994.mp3,元明宗次子。
common_voice_zh-CN_33045063.mp3,小景天爲景天科景天屬的植物。
common_voice_zh-CN_19716913.mp3,濉城鎮是中國福建省三明市建寧縣下轄的一個鎮。
common_voice_zh-CN_21960301.mp3,婦人不淫妒。
common_voice_zh-CN_32888848.mp3,自助洗衣店是提供自助洗衣及乾衣等服務的商店。
common_voice_zh-CN_19702583.mp3,製作名單來自唱片內頁說明文字。
common_voice_zh-CN_19702766.mp3,南宋寶佑四年與文天祥等人同科中進士。
common_voice_zh-CN_18666885.mp3,以前秋田和青森之間的服務是由延長的“津輕”號提供的。
common_voice_zh-CN_18649994.mp3,聖瑪麗亞是位於美國亞利桑那州馬里科帕縣的一個非建制地區。
common_voice_zh-CN_18992601.mp3,死後由齊丹塔二世繼承。
common_voice_zh-CN_22074503.mp3,第十屆全國政協副主席。
common_voice_zh-CN_22212560.mp3,其東西兩翼曾有明萬曆二十三年建的長洲縣城隍廟和吳縣城隍廟。
common_voice_zh-CN_19544968.mp3,在刑事訴訟案件判決過程所做的爲美國最高法院首次承認犯罪受害者的權利。
common_voice_zh-CN_33291896.mp3,也是科羅科羅自治監督區榮休主教。
common_voice_zh-CN_18629757.mp3,兩個樓梯通往教堂的龍門架，那裏矗立着懷抱基督嬰孩的帕多瓦的聖安多尼雕像。
common_voice_zh-CN_19110771.mp3,羅德里格斯茜草目前被列爲極危物種。
common_voice_zh-CN_26053411.mp3,他把《獨立宣言》比作空頭支票。
common_voice_zh-CN_33651936.mp3,現在是由動視暴雪的全資子公司。
common_voice_zh-CN_26053618.mp3,住院三個月後，卡萊婭獲得了一枚戰功獎章，光榮地出院了。
common_voice_zh-CN_18650021.mp3,這種設計讓中置引擎的噴射口位於機身正後方，垂直尾翼的正下方。
common_voice_zh-CN_20506014.mp3,岡察洛夫等。
common_voice_zh-CN_21239591.mp3,臉色都沉了下來
common_voice_zh-CN_18955335.mp3,從源服務器返回的響應經過代理服務器後再傳給客戶端。
common_voice_zh-CN_19007758.mp3,蒙蓋亞爾人口變化圖示
common_voice_zh-CN_33489210.mp3,市政府駐地雙河街道。
common_voice_zh-CN_18718150.mp3,來自下水道的生物屍體也被帶到醫學實驗室進行檢查。
common_voice_zh-CN_33204884.mp3,另外有一部分的不孕案例是在雙方檢查不出任何異常的狀況下發生。
common_voice_zh-CN_19716467.mp3,這些飛機據信是正在進行交付前的檢驗工作。
common_voice_zh-CN_24736009.mp3,對不起，我也沒想到會是這樣
common_voice_zh-CN_19511715.mp3,她要是死了，我要所有人陪葬！
common_voice_zh-CN_33278836.mp3,陸奧國分寺是位在日本宮城縣仙台市的真言宗智山派寺院。
common_voice_zh-CN_18782244.mp3,他也曾經在獨立電視臺和倫敦氣象中心工作過一段時間。
common_voice_zh-CN_18665542.mp3,授平江府觀察推官。
common_voice_zh-CN_20737998.mp3,他們聲稱當那是爲了國家的私利。
common_voice_zh-CN_33484869.mp3,一個有家室的男人！
common_voice_zh-CN_19486555.mp3,無色透明易揮發液體。
common_voice_zh-CN_33658656.mp3,同時世界上大部份相似敬禮都以相同原因被禁止。
common_voice_zh-CN_18629885.mp3,也就是說，最有可能成功，而且架構簡單的調節器一定就是所調節系統的同構。
common_voice_zh-CN_22105952.mp3,討厭我給她取的名字
common_voice_zh-CN_18817014.mp3,上表皇泰主楊侗，自稱大司馬、錄尚書事、天門公。
common_voice_zh-CN_33212451.mp3,我們還在，但也快結束了
common_voice_zh-CN_20879025.mp3,盧師諦也參與謀劃此事。
common_voice_zh-CN_23662396.mp3,聖若塞代邦克人口變化圖示
common_voice_zh-CN_33396586.mp3,它具有較高的環境污染風險。
common_voice_zh-CN_32679169.mp3,熊羣力畢業於西北電訊工程學院天線專業。
common_voice_zh-CN_19015880.mp3,邁耶狸藻爲狸藻屬似多年中型食蟲植物。
common_voice_zh-CN_19153218.mp3,馬來西亞商人曾長義在幕後提供資金。
common_voice_zh-CN_28688910.mp3,他將他們一起帶到特哈雷斯並且殺了他們。
common_voice_zh-CN_33042030.mp3,其餘的謝赫派成員則分裂成三派。
common_voice_zh-CN_33119868.mp3,此次收購使得美國發現卡可以在全球的大來國際網絡使用。
common_voice_zh-CN_18595928.mp3,這場十字軍運動是教會大分裂的一部份，也是英格蘭與法蘭西百年戰爭中的對抗。
common_voice_zh-CN_33502498.mp3,裏茨塔特是德國黑森州的一個市鎮。
common_voice_zh-CN_22148120.mp3,庫埃特最爲人所知的是他在流變學和流體流動理論的貢獻。
common_voice_zh-CN_19059878.mp3,是一款由特庫摩公司製作的解謎類遊戲。
common_voice_zh-CN_27733085.mp3,演員模型的指稱語義是演員的指稱域理論的研究主題。
common_voice_zh-CN_33207045.mp3,最佳創作獎爲現行金曲獎頒發獎項。
common_voice_zh-CN_19426875.mp3,那不勒斯省是意大利人口最密集的省份。
common_voice_zh-CN_18992304.mp3,在聖伯多祿大殿和梵蒂岡博物館周圍平坦的地區上主要是草坪。
common_voice_zh-CN_33576708.mp3,賜祭葬如例曾祖父劉澄。
common_voice_zh-CN_19026612.mp3,正教會中也採用這種儀式。
common_voice_zh-CN_24762189.mp3,全鎮面積。
common_voice_zh-CN_33124430.mp3,而比較主義者則強調神話之間的相似之處。
common_voice_zh-CN_18973367.mp3,碎紙機是用切割方法銷燬機密或者牽涉隱私文件材料的事務機器。
common_voice_zh-CN_20409592.mp3,貝爾卡塔爾是德國黑森州的一個市鎮。
common_voice_zh-CN_18974606.mp3,非點源污染常常是大範圍區域少量污染物累積而成。
common_voice_zh-CN_21602333.mp3,唐朝官員。
common_voice_zh-CN_27564246.mp3,幾乎沒有辦法完成任何事情
common_voice_zh-CN_18773404.mp3,動物間也有其他的一些性行爲會因繁殖而起。
common_voice_zh-CN_21943152.mp3,帕萊拉克。
common_voice_zh-CN_22032159.mp3,目前在上海廣播電視臺東方衛視中心擔任主持人。
common_voice_zh-CN_32734695.mp3,好好保護自己
common_voice_zh-CN_20166879.mp3,接地常數會隨各地區的土壤化學成份以及密度而不同。
common_voice_zh-CN_22090627.mp3,聖烏昂德塞謝魯夫爾。
common_voice_zh-CN_33209452.mp3,峯岸由香裏是日本女性聲優。
common_voice_zh-CN_19463649.mp3,把這爛貨清理掉！
common_voice_zh-CN_20009545.mp3,天津府官立中學堂是天津建立最早的一所官辦中學。
common_voice_zh-CN_32680639.mp3,臺灣跨縣鄉道列表列出臺灣的跨縣鄉道。
common_voice_zh-CN_19704413.mp3,巴黎的桑斯旅館是桑斯總主教在巴黎的官邸。
common_voice_zh-CN_22107041.mp3,是在乳房的高度測量女性軀幹的周長。
common_voice_zh-CN_18812007.mp3,中華人民共和國地方政治人物，現任安徽省社科院院長。
common_voice_zh-CN_20051329.mp3,中國大陸許多知名藝人曾在此校就讀。
common_voice_zh-CN_18593060.mp3,諏訪彰，日本地震學家、火山學家。
common_voice_zh-CN_32487372.mp3,柯羅氏海螄螺爲海螄螺科海螄螺屬下的一個種。
common_voice_zh-CN_19255291.mp3,二硝基苯酚
common_voice_zh-CN_18682329.mp3,吳碩，東漢末年尚書郎、議郎。
common_voice_zh-CN_20221644.mp3,他在幹隆四十一年五月接替父親成爲定親王第四代。
common_voice_zh-CN_21968607.mp3,教長區座堂位於首都波哥大。
common_voice_zh-CN_19008595.mp3,該組織的核心成員是法國的工人鬥爭。
common_voice_zh-CN_18778238.mp3,後考取南京金陵大學理科研究所化學部研究生，攻讀理論有機化學碩士學位。
common_voice_zh-CN_20409526.mp3,滑雪是指利用滑雪板在雪地滑行的一種體育運動。
common_voice_zh-CN_20924388.mp3,素數定理有些初等證明只需用數論的方法。
common_voice_zh-CN_18650572.mp3,當奴·韋恩·史隆，生於美國什裏夫波特，美國籃球運動員，司職控球后衛。
common_voice_zh-CN_18666880.mp3,其他條目收到了外卡邀請。
common_voice_zh-CN_20583578.mp3,生態池水源主要來自隔壁的生命科學館。
common_voice_zh-CN_22153996.mp3,斜肩芋螺爲芋螺科芋螺屬下的一個種。
common_voice_zh-CN_18650550.mp3,兩報三臺指的是臺灣解除報禁以前，五個獨佔臺灣媒體市場的媒體業者。
common_voice_zh-CN_19003425.mp3,經過蘇拉特等城市。
common_voice_zh-CN_18984836.mp3,藍果彎貝介爲彎貝介科彎貝介屬下的一個種。
common_voice_zh-CN_22467520.mp3,從她的話可推測出兩族之間一定存在重大的誤解。
common_voice_zh-CN_18627130.mp3,阿謝爾是位於美國亞利桑那州尤馬縣的一個非建制地區。
common_voice_zh-CN_22114129.mp3,胡宗憲是其族弟。
common_voice_zh-CN_33202266.mp3,瓦莫什喬拉德。
common_voice_zh-CN_25536758.mp3,合約規定拜占庭每年向保加利亞進貢。
common_voice_zh-CN_18990373.mp3,朝鮮柳是楊柳科柳屬的植物。
common_voice_zh-CN_23866153.mp3,該物種的模式產地在馬德拉羣島。
common_voice_zh-CN_19712682.mp3,加賀之潛戶面向日本海的海岸觀光勝地。
common_voice_zh-CN_19015141.mp3,而法蘭克王國東部和中部的領土則分別由日耳曼人路易及洛泰爾繼承。
common_voice_zh-CN_33120816.mp3,劉瑾最初索賄只不過數百兩黃金。
common_voice_zh-CN_32901665.mp3,我們會有更堅強的實力
common_voice_zh-CN_22271052.mp3,維尼曼是第一位擔任美國農業部長的女性。
common_voice_zh-CN_18983684.mp3,別墅通常是一棟獨立建築或多棟建築組成。
common_voice_zh-CN_26188213.mp3,我是對的，因此，我的最後一封信從未寄給她。
common_voice_zh-CN_33053229.mp3,西讓村是邊防重地。
common_voice_zh-CN_19012136.mp3,滾兔嶺遺址位於黑龍江省雙鴨山市集賢縣福利鎮福興村東南的滾兔嶺上。
common_voice_zh-CN_20866573.mp3,補好衣服的破洞
common_voice_zh-CN_18978354.mp3,每年的青森睡魔祭更是外地遊客的焦點。
common_voice_zh-CN_18984839.mp3,黑水黨的首領是徐保。
common_voice_zh-CN_20161904.mp3,請國君派人替我給子重進酒。
common_voice_zh-CN_32595945.mp3,伊韋爾東上貝勒蒙的總面積爲平方公里。
common_voice_zh-CN_19115628.mp3,巴布亞新幾內亞外長阿巴爾薩姆隨後證實沒打算承認中華民國政權。
common_voice_zh-CN_18983433.mp3,科西齊農村居民點是俄羅斯聯邦布良斯克州謝夫斯克區所屬的一個農村居民點。
common_voice_zh-CN_18979901.mp3,並且依託城市開展配套改革。
common_voice_zh-CN_19003241.mp3,卡舒埃拉杜斯因迪奧斯是巴西帕拉伊巴州的一個市鎮。
common_voice_zh-CN_19110858.mp3,串站的鐵路車站。
common_voice_zh-CN_18671910.mp3,董文淵，中國象棋、圍棋棋手。
common_voice_zh-CN_20896521.mp3,在湖州中心城市規劃區中屬於市北分區和湖東分區。
common_voice_zh-CN_22186872.mp3,但屋頂立有高大的十字架。
common_voice_zh-CN_19702722.mp3,蘭嶼芋爲天南星科落檐屬下的一個種。
common_voice_zh-CN_19026559.mp3,在今青海省貴德縣境內。
common_voice_zh-CN_21788396.mp3,屬延安路。
common_voice_zh-CN_20391560.mp3,港海豹是分佈在北半球溫帶及極地海域的海豹。
common_voice_zh-CN_21602798.mp3,但麥克並未給予他侄子獎學金。
common_voice_zh-CN_18593058.mp3,青州萬年橋，位於山東省青州市王府街道。
common_voice_zh-CN_20557144.mp3,生於雲南昆明。
common_voice_zh-CN_22064335.mp3,他的學說後來演變成爲遜尼派伊斯蘭四大教法學之一的沙斐儀派。
common_voice_zh-CN_33217477.mp3,倫索伊斯是巴西巴伊亞州的一個市鎮。
common_voice_zh-CN_22328083.mp3,恆星形成是分子云的高密度區崩潰成爲球形的電漿形成恆星的過程。
common_voice_zh-CN_33214432.mp3,中華人民共和國成立後又多次獲福州市人民委員會授予名牌產品稱號。
common_voice_zh-CN_18828736.mp3,後由梁星源接任。
common_voice_zh-CN_32499287.mp3,蓋隆河畔聖巴爾布。
common_voice_zh-CN_22214170.mp3,而蒙杜古馬。
common_voice_zh-CN_19878607.mp3,哈爾濱銀行引入富邦人壽及中信資本等作爲機構投資者。
common_voice_zh-CN_20790033.mp3,有二十家公司提供由獵熊到滑翔傘的產品。
common_voice_zh-CN_18978438.mp3,柵格數據由存放唯一值存儲單元的行和列組成。
common_voice_zh-CN_22077559.mp3,穆蘭納人口變化圖示
common_voice_zh-CN_19059865.mp3,主席爲成海榮。
